{
  "marketing_stripe": {
    "text": "Aproveite nossos descontos de até 80%!",
    "link": "/promotion"
  },
  "contacts_stripe": {
    "pages": [
      {
        "title": "Sobre nós",
        "link": "/pages/sobre-nos"
      }
    ],
    "phone_wpp": true,
    "socials": true
  },
  "categories_list": {
    "featured": [
      "/acessorios?Acessórios",
      "/alongamento-unhas?Alongamento Unhas",
      "/decoracao?Decoração",
      "/esmalte-em-gel?Esmalte em Gel",
      "/kits?Kits",
      "/maquinarios?Maquinários"
    ],
    "random": 8,
    "full_width": false
  },
  "desktop_megamenu": false,
  "search_input": true,
  "alphabetical_order_submenu": true,
  "full_width_submenu": false
}
