{
  "meta_title": "Jack Cosméticos",
  "meta_description": "Produtos e Equipamentos para Nail Design - Unhas",
  "sections": [
    {
      "type": "banner-slider",
      "autoplay": 9000,
      "full_width": true,
      "slides": [
        {
          "img": "/img/uploads/prancheta-1-copiar-5.png",
          "link": "/headset",
          "alt": "Headset banner",
          "start": "2020-04-11T05:54:06.750Z",
          "end": "2020-12-31T03:00:00.000Z",
          "mobile_img": "/img/uploads/prancheta-1-copiar-5.png"
        },
        {
          "start": "",
          "end": "",
          "img": "/img/uploads/prancheta-1-copiar-3.png",
          "alt": "Banner sample two",
          "mobile_img": "/img/uploads/prancheta-1-copiar-3.png"
        }
      ]
    },
    {
      "type": "info-bar",
      "enabled": true
    },
    {
      "type": "collection-shelf",
      "shuffle": false,
      "limit": 12,
      "page": 1,
      "collection_id": "64303ef34bd2e929c1c586d4:categories:Kits:/kits"
    },
    {
      "type": "dynamic-showcase",
      "load_more": true,
      "sort": "sales"
    },
    {
      "type": "collection-shelf",
      "shuffle": true,
      "collection_id": "642d5c004bd2e929c1c23e2b:categories:Cabines / Estufas:/maquinarios/cabines-estufas",
      "sort": "offers",
      "title": "",
      "headless": false,
      "limit": 12,
      "page": 1
    },
    {
      "type": "collection-shelf",
      "shuffle": false,
      "limit": 12,
      "page": 1,
      "collection_id": "642d5c244bd2e929c1c23e66:categories:Esmalte em Gel:/esmalte-em-gel"
    },
    {
      "type": "brands-carousel",
      "limit": 24,
      "offset": 0
    }
  ]
}